{"count":6,"results":[{"id":54,"name":"weclome","description":"","max_attempts":0,"value":100,"category":"Linux 0x1","type":"standard","state":"visible","requirements":null,"connection_info":null,"next_id":null},{"id":55,"name":"nearby file","description":"Use ls to see what files are nearby.","max_attempts":0,"value":100,"category":"Linux 0x1","type":"standard","state":"visible","requirements":null,"connection_info":null,"next_id":null},{"id":56,"name":"XXXXX_swold?","description":"Dowload your swold","max_attempts":0,"value":100,"category":"Linux 0x1","type":"standard","state":"visible","requirements":null,"connection_info":null,"next_id":null},{"id":57,"name":"Temple of Creation","description":"","max_attempts":0,"value":100,"category":"Linux 0x1","type":"standard","state":"visible","requirements":null,"connection_info":null,"next_id":null},{"id":58,"name":"Temple_of_Ascendance","description":"","max_attempts":0,"value":100,"category":"Linux 0x1","type":"standard","state":"visible","requirements":null,"connection_info":null,"next_id":null},{"id":59,"name":"FINAL SPELL BOOK","description":"","max_attempts":0,"value":100,"category":"Linux 0x1","type":"standard","state":"visible","requirements":null,"connection_info":null,"next_id":null}],"meta":{}}