{"count":6,"results":[{"id":55,"challenge_id":54,"type":"static","content":"FLAG{w3lc0m3_j01n_L1NUX}","data":""},{"id":56,"challenge_id":55,"type":"static","content":"FLAG{r_U_sUr3_th1s_be5T_0s?}","data":""},{"id":57,"challenge_id":56,"type":"static","content":"FLAG{th1s_i5n's_m4St3r_5w0Ld}","data":""},{"id":58,"challenge_id":57,"type":"static","content":"FLAG{box_key}","data":""},{"id":59,"challenge_id":58,"type":"static","content":"FLAG{4Sc3Nd@NcE_cH4ll3nGe}","data":""},{"id":60,"challenge_id":59,"type":"static","content":"FLAG{c0n9R4tULaT1oN5_0n_coMpLet1nG_Th3_ch41leNGe!!!}","data":""}],"meta":{}}