{"count":3,"results":[{"id":4141,"challenge_id":54,"user_id":212,"team_id":null,"ip":"172.68.87.238","provided":"FLAG{w3lc0m3_j01n_L1NUX}","type":"correct","date":"2024-11-06T00:59:45.416270"},{"id":4142,"challenge_id":55,"user_id":212,"team_id":null,"ip":"172.68.87.239","provided":"FLAG{r_U_sUr3_ts_be5T_0s?}","type":"incorrect","date":"2024-11-06T01:00:02.737274"},{"id":4143,"challenge_id":55,"user_id":212,"team_id":null,"ip":"172.68.87.143","provided":"FLAG{r_U_sUr3_th1s_be5T_0s?}","type":"correct","date":"2024-11-06T01:00:29.464720"}],"meta":{}}